District code,Population,Housholds_with_Electric_Lighting,Households_with_Internet,State,District,Latitude,Longitude,sex ratio,Literacy Rate
4,140802,15824,235,Jammu and Kashmir,Kargil,33.565994894894914,76.63675315315312,81.0,61.0
5,476835,62900,346,Jammu and Kashmir,Punch,33.791241290322574,74.29593161290322,89.0,55.0
7,616435,109422,1443,Jammu and Kashmir,Kathua,32.51781678321678,75.58901398601404,89.0,63.0
10,1236829,165403,16413,Jammu and Kashmir,Srinagar,34.27312898550724,75.11021159420288,90.0,61.0
12,560440,73629,1537,Jammu and Kashmir,Pulwama,33.88414418604652,75.00921860465118,91.0,52.0
16,409936,61831,596,Jammu and Kashmir,Doda,33.359614675767915,76.07163720136518,92.0,53.0
19,554985,73999,1214,Jammu and Kashmir,Udhampur,33.04770670731707,75.15286951219511,87.0,58.0
21,1529958,294739,19905,Jammu and Kashmir,Jammu,32.713199095022645,74.8477520361991,88.0,74.0
23,519080,96082,1615,Himachal Pradesh,Chamba,32.66741814595661,76.39354063116366,99.0,62.0
24,1510075,330081,8053,Himachal Pradesh,Kangra,32.14093603238864,76.41205910931173,101.0,76.0
26,437903,91322,2623,Himachal Pradesh,Kullu,31.90911922077925,77.40922649350647,94.0,70.0
27,999777,214491,5333,Himachal Pradesh,Mandi,31.635805940594054,76.96556930693067,101.0,72.0
28,454768,104120,2521,Himachal Pradesh,Hamirpur,31.67668481012659,76.49767088607594,110.0,79.0
28,454768,104120,2521,Uttar Pradesh,Hamirpur,25.738158381502892,79.82619479768789,110.0,79.0
29,521173,105929,2412,Himachal Pradesh,Una,31.58330388349513,76.18353932038836,98.0,77.0
30,381956,79146,1574,Chhattisgarh,Bilaspur,22.356942982456143,81.99770350877188,98.0,75.0
30,381956,79146,1574,Himachal Pradesh,Bilaspur,31.3780422907489,76.65316079295157,98.0,75.0
31,580320,119866,5250,Himachal Pradesh,Solan,31.03864311926604,76.94442140672783,88.0,74.0
32,529855,91509,2220,Himachal Pradesh,Sirmaur,30.682764453961443,77.43184689507493,92.0,68.0
33,814010,172754,9177,Himachal Pradesh,Shimla,31.155725451807253,77.62573042168668,92.0,75.0
34,84121,17865,354,Himachal Pradesh,Kinnaur,31.60667184065933,78.51613736263741,82.0,72.0
35,2298323,411216,14428,Punjab,Gurdaspur,32.04283371212125,75.3204064393939,90.0,71.0
36,815168,161206,9732,Punjab,Kapurthala,31.336592638036837,75.47641165644177,91.0,71.0
37,2193590,446200,39082,Punjab,Jalandhar,31.250336907216507,75.54400350515463,92.0,74.0
38,1586625,319930,13747,Punjab,Hoshiarpur,31.55157169811319,75.8469857442349,96.0,76.0
40,600163,113683,5138,Punjab,Fatehgarh Sahib,30.64290947368421,76.36208394736842,87.0,71.0
41,3498739,703624,58589,Punjab,Ludhiana,30.76596397379912,75.83110851528383,87.0,73.0
42,995746,183396,7897,Punjab,Moga,30.756540067340065,75.1600845117845,89.0,63.0
43,2029074,349662,10042,Punjab,Firozpur,30.63407535211269,74.40245732394365,89.0,60.0
44,901896,166585,4571,Punjab,Muktsar,30.31243303303303,74.5518747747748,90.0,58.0
45,617508,113549,4348,Punjab,Faridkot,30.591187250996025,74.79751553784862,89.0,62.0
46,1388525,255650,11284,Punjab,Bathinda,30.190524611973352,75.05685898004438,87.0,61.0
47,769751,140099,2673,Punjab,Mansa,29.919547714285724,75.4304922857143,88.0,55.0
48,1895686,352929,24274,Punjab,Patiala,30.214540380693364,76.27505893949697,89.0,67.0
49,2490656,461231,29961,Punjab,Amritsar,31.548679820627772,74.79883856502238,89.0,68.0
51,684627,129123,6600,Punjab,Rupnagar,30.910937330754347,76.53743500967126,92.0,73.0
53,1655169,305557,10736,Punjab,Sangrur,30.185045204336895,75.89437014178496,89.0,61.0
55,1055450,231204,44283,Chandigarh,Chandigarh,30.7426,76.75872465753424,82.0,76.0
56,330086,52621,602,Uttaranchal,Uttarkashi,30.968958552036234,78.56880615384617,96.0,65.0
57,391605,71524,899,Uttaranchal,Chamoli,30.58338611464965,79.56281095541402,102.0,72.0
59,618931,117239,1366,Uttaranchal,Tehri Garhwal,30.463700918635173,78.48783792650917,108.0,66.0
62,483439,95421,1344,Uttaranchal,Pithoragarh,30.14720631868129,80.34229230769236,102.0,71.0
63,259898,47083,435,Uttaranchal,Bageshwar,29.98703393393397,79.83954354354357,109.0,69.0
64,622506,109876,1830,Uttaranchal,Almora,29.683532133676103,79.50165064267351,114.0,70.0
65,259648,37725,548,Uttaranchal,Champawat,29.29142393939393,80.07720212121217,98.0,68.0
67,1648902,254802,7883,Uttaranchal,Udham Singh Nagar,29.02779577677222,79.45629004524895,92.0,63.0
69,561293,103455,18615,Haryana,Panchkula,30.700897142857134,76.97173238095236,87.0,72.0
70,1128350,199681,12899,Haryana,Ambala,30.3503672316384,76.94970310734456,88.0,72.0
72,964655,171908,7356,Haryana,Kurukshetra,30.05652659846548,76.78774680306903,89.0,67.0
73,1074304,187349,3724,Haryana,Kaithal,29.96068539094649,76.37698930041155,88.0,60.0
74,1505324,267223,11163,Haryana,Karnal,29.703200647249204,76.87488025889972,89.0,65.0
75,1205437,209965,10024,Haryana,Panipat,29.34352134146342,76.92895914634147,86.0,65.0
77,1334152,222462,5263,Haryana,Jind,29.45149821958457,76.29598575667653,87.0,62.0
78,942011,153301,3210,Haryana,Fatehabad,29.57298318584072,75.54608716814157,90.0,59.0
79,1295189,215527,6287,Haryana,Sirsa,29.63583446327684,74.90970480225988,90.0,60.0
80,1743931,285004,10132,Haryana,Hisar,29.23628731117825,75.84324682779452,87.0,64.0
81,1634445,266244,5292,Haryana,Bhiwani,28.728868064516128,76.02110225806452,89.0,65.0
82,1061204,193120,8482,Haryana,Rohtak,28.892517647058817,76.53123235294117,87.0,70.0
83,958405,168558,5034,Haryana,Jhajjar,28.59651868131869,76.61137142857145,86.0,71.0
84,922088,135455,2624,Haryana,Mahendragarh,28.1352161458333,76.14018072916659,89.0,68.0
85,900332,152651,5121,Haryana,Rewari,28.19164714828897,76.55956007604564,90.0,71.0
86,1514432,305751,67087,Haryana,Gurgaon,28.043894789579163,77.01935130260523,85.0,73.0
88,1809733,333171,43437,Haryana,Faridabad,28.14873109756098,77.32718536585368,87.0,70.0
93,1709346,352758,80037,Sikkim,East,27.29600352941175,88.74908392156858,88.0,79.0
99,1969168,283142,6295,Rajasthan,Ganganagar,29.256785412667963,73.56192303262948,89.0,61.0
100,1774692,243163,3360,Rajasthan,Hanumangarh,29.1813351791531,74.74632573289902,91.0,58.0
101,2363937,220793,7607,Rajasthan,Bikaner,28.12489068322981,73.26943322981371,91.0,54.0
102,2039547,231696,2577,Rajasthan,Churu,28.29330375536484,74.65846427038629,94.0,56.0
103,2137045,297559,4828,Rajasthan,Jhunjhunun,28.13517401247401,75.52840893970894,95.0,64.0
104,3674179,485723,9750,Rajasthan,Alwar,27.55271738035265,76.65359630562563,89.0,59.0
105,2548462,288723,4179,Rajasthan,Bharatpur,27.32411858037578,77.21752077244258,88.0,58.0
106,1206516,96086,1330,Rajasthan,Dhaulpur,26.72397054945053,77.74476219780222,85.0,57.0
107,1458248,132079,1059,Rajasthan,Karauli,26.51901555555556,76.96081818181815,86.0,55.0
108,1335551,140947,1887,Rajasthan,Sawai Madhopur,26.251081180223288,76.4219283891548,90.0,56.0
109,1634409,195277,1719,Rajasthan,Dausa,26.91234817629181,76.57342097264443,91.0,57.0
110,6626178,990085,76565,Rajasthan,Jaipur,27.033459290187885,75.77117286012533,91.0,65.0
111,2677333,339457,5647,Rajasthan,Sikar,27.64644058641976,75.29317422839503,95.0,62.0
112,3307743,347344,4449,Rajasthan,Nagaur,27.07862016048146,74.14215667001012,95.0,53.0
113,3687165,408808,19335,Rajasthan,Jodhpur,26.678460838536967,73.00450847457628,92.0,55.0
114,669919,43141,754,Rajasthan,Jaisalmer,26.86900838548185,71.18371877346682,85.0,46.0
115,2603751,126494,2766,Rajasthan,Barmer,25.77070908045978,71.50297126436782,90.0,46.0
116,1828730,161845,1585,Rajasthan,Jalor,25.07578093797277,72.18647261724662,95.0,45.0
117,1036346,134089,2146,Rajasthan,Sirohi,24.7976905263158,72.75309131578943,94.0,46.0
118,2037573,326793,4043,Rajasthan,Pali,25.80490393541874,73.55285640766907,99.0,53.0
119,2583052,393498,13499,Rajasthan,Ajmer,26.199300378787903,74.6990419191919,95.0,59.0
120,1421326,158264,1908,Rajasthan,Tonk,26.153935071707927,75.79192216427637,95.0,53.0
121,1110906,136969,1392,Rajasthan,Bundi,25.48580716049379,75.79984074074079,92.0,53.0
122,2408523,373644,6207,Rajasthan,Bhilwara,25.45119767759564,74.63947595628417,97.0,52.0
123,1156597,193276,1989,Rajasthan,Rajsamand,25.24894767441859,73.96570215946844,99.0,54.0
124,1388552,141275,1477,Rajasthan,Dungarpur,23.75104807692308,73.84765641025645,99.0,49.0
125,1797485,120603,2324,Rajasthan,Banswara,23.453642032967014,74.44246868131869,98.0,46.0
126,1544338,268172,4941,Rajasthan,Chittaurgarh,24.631623761665463,74.80010997846382,97.0,53.0
127,1951014,339899,12843,Rajasthan,Kota,25.175718080000014,76.18618928000001,91.0,67.0
128,1222755,161310,1363,Rajasthan,Baran,24.98023243243244,76.86210651828291,93.0,57.0
129,1411129,220428,1750,Rajasthan,Jhalawar,24.24725541474657,76.11242891705065,95.0,52.0
130,3068420,357846,14211,Rajasthan,Udaipur,24.44076752136749,73.84029839743584,96.0,52.0
131,867848,71612,716,Uttar Pradesh,Pratapgarh,25.864842731707316,81.93530048780492,98.0,46.0
132,3466382,404499,9699,Uttar Pradesh,Saharanpur,30.03381165217392,77.59905147826095,89.0,60.0
133,4143512,368153,10077,Uttar Pradesh,Muzaffarnagar,29.470507977736563,77.64017847866423,89.0,58.0
134,3682713,268353,7303,Uttar Pradesh,Bijnor,29.313974259681096,78.45098815489754,92.0,58.0
135,4772006,281758,11690,Uttar Pradesh,Moradabad,28.851770406189537,78.73580193423597,91.0,47.0
136,2335819,131112,3847,Uttar Pradesh,Rampur,28.83244727272725,79.10977333333337,91.0,45.0
137,1840221,89329,2825,Uttar Pradesh,Jyotiba Phule Nagar,28.870498984771597,78.39009365482241,91.0,53.0
138,3443689,425624,23717,Uttar Pradesh,Meerut,29.02957625698323,77.80611005586593,89.0,62.0
139,1303048,119121,2989,Uttar Pradesh,Baghpat,29.045793499999988,77.30266300000001,86.0,61.0
140,4681645,695130,78116,Uttar Pradesh,Ghaziabad,28.74997308584685,77.67441879350343,88.0,67.0
141,1648115,257586,53181,Uttar Pradesh,Gautam Buddha Nagar,28.393311038961038,77.52462467532465,85.0,68.0
142,3499171,223922,7865,Uttar Pradesh,Bulandshahr,28.34875862068968,78.01082758620684,90.0,58.0
143,3673889,268120,13634,Uttar Pradesh,Aligarh,27.93748576850093,78.00146831119557,88.0,57.0
145,2547184,281239,8726,Uttar Pradesh,Mathura,27.59390432801821,77.62153416856502,86.0,59.0
146,4418797,536402,27183,Uttar Pradesh,Agra,26.99512974910393,78.05278291517321,87.0,61.0
147,2498156,196080,5834,Uttar Pradesh,Firozabad,27.20963993055552,78.42660624999998,88.0,61.0
148,1868529,79022,2642,Uttar Pradesh,Mainpuri,27.17386862302482,79.03501851015807,88.0,64.0
150,4448359,272830,15164,Uttar Pradesh,Bareilly,28.51101940789474,79.43187072368416,89.0,49.0
151,2031007,83006,2870,Uttar Pradesh,Pilibhit,28.52024175035868,79.90103974175037,89.0,52.0
152,3006538,115163,3889,Uttar Pradesh,Shahjahanpur,27.991389350649328,79.8302275324675,87.0,50.0
154,4483992,102040,3874,Uttar Pradesh,Sitapur,27.501995963091108,80.85288881199547,89.0,51.0
155,4092845,95508,3845,Uttar Pradesh,Hardoi,27.337409090909137,80.26411767676768,87.0,54.0
156,3108367,99466,3476,Uttar Pradesh,Unnao,26.63163990895297,80.636773292868,91.0,57.0
157,4589838,582769,68506,Uttar Pradesh,Lucknow,26.838233589251463,80.89706026871404,92.0,68.0
158,3405559,247856,5184,Uttar Pradesh,Rae Bareli,26.253902840059787,81.22260463378181,94.0,58.0
159,1885204,88081,2624,Uttar Pradesh,Farrukhabad,27.45063297872342,79.4406284574468,87.0,58.0
160,1656616,61491,2488,Uttar Pradesh,Kannauj,26.993988617886185,79.64437940379408,88.0,61.0
161,1581810,113098,2964,Uttar Pradesh,Etawah,26.78817670157068,79.07621806282728,87.0,67.0
162,1379545,65479,2404,Uttar Pradesh,Auraiya,26.66892394014961,79.42637057356607,86.0,67.0
163,1796184,49753,2682,Uttar Pradesh,Kanpur Dehat,26.43047641196011,79.98710083056478,86.0,65.0
165,1689974,104176,2217,Uttar Pradesh,Jalaun,26.067954587155988,79.36686911314993,87.0,64.0
166,1998603,183340,8517,Uttar Pradesh,Jhansi,25.45581535234902,78.89954580536917,89.0,65.0
167,1221592,77082,1079,Uttar Pradesh,Lalitpur,24.58877161016945,78.60082330508473,91.0,52.0
168,1104285,55929,1196,Himachal Pradesh,Hamirpur,31.67668481012659,76.49767088607594,86.0,59.0
168,1104285,55929,1196,Uttar Pradesh,Hamirpur,25.738158381502892,79.82619479768789,86.0,59.0
169,875958,42936,1316,Uttar Pradesh,Mahoba,25.34529670138888,79.67863003472216,88.0,56.0
170,1799410,73522,1655,Uttar Pradesh,Banda,25.351885902503284,80.52487391304344,86.0,56.0
171,991730,41046,827,Uttar Pradesh,Chitrakoot,25.159924623803,81.07666087551297,88.0,54.0
172,2632733,75263,3385,Uttar Pradesh,Fatehpur,25.8374362030905,80.85416203090509,90.0,57.0
173,3209141,140538,5149,Uttar Pradesh,Pratapgarh,25.864842731707316,81.93530048780492,100.0,60.0
174,1599596,43753,1503,Uttar Pradesh,Kaushambi,25.53587532051282,81.41811282051287,91.0,51.0
175,5954391,391542,24122,Uttar Pradesh,Allahabad,25.392038662316445,82.05172446982063,90.0,62.0
176,3260699,108116,3159,Uttar Pradesh,Bara Banki,26.922777025232424,81.35762350597606,91.0,52.0
177,2470996,127754,4746,Uttar Pradesh,Faizabad,26.60589185185181,82.00783530864202,96.0,59.0
178,2397888,99581,2509,Uttar Pradesh,Ambedkar Nagar,26.39119025974028,82.68282142857147,98.0,62.0
179,3797117,233701,5956,Uttar Pradesh,Sultanpur,26.2846386419753,82.05710456790123,98.0,59.0
180,3487731,85814,2681,Uttar Pradesh,Bahraich,27.691776300578027,81.46779783237004,89.0,40.0
182,2148665,57400,1551,Uttar Pradesh,Balrampur,27.449076537911324,82.47158326180256,93.0,40.0
183,3433919,104084,4313,Uttar Pradesh,Gonda,27.157215552099505,82.0226888024882,92.0,49.0
185,2464464,108101,3423,Uttar Pradesh,Basti,26.833880454545447,82.69790590909092,96.0,57.0
186,1715183,79525,2031,Uttar Pradesh,Sant Kabir Nagar,26.791596516393444,83.0387764344262,97.0,56.0
188,4440895,296619,14597,Uttar Pradesh,Gorakhpur,26.63315886792452,83.3549560377358,95.0,61.0
189,3564544,127331,3486,Uttar Pradesh,Kushinagar,26.892530675909864,83.92261542461007,96.0,55.0
190,3100946,150001,4469,Uttar Pradesh,Deoria,26.42218856548857,83.8244070686071,102.0,60.0
191,4613913,183381,6652,Uttar Pradesh,Azamgarh,26.008290954773837,83.01220251256285,102.0,60.0
192,2205968,149908,2656,Uttar Pradesh,Mau,26.01082203791469,83.50582654028433,98.0,62.0
193,3239774,119972,4672,Uttar Pradesh,Ballia,25.86075638297873,84.03651978723408,94.0,61.0
194,4494204,181467,8002,Uttar Pradesh,Jaunpur,25.70141280913127,82.54315351934063,102.0,61.0
195,3620268,105767,5309,Uttar Pradesh,Ghazipur,25.624724775583484,83.5360854578097,95.0,61.0
196,1952756,99602,3492,Uttar Pradesh,Chandauli,25.1180859611231,83.25307062634984,92.0,60.0
197,3676841,336056,19214,Uttar Pradesh,Varanasi,25.36057088888889,82.82529666666672,91.0,65.0
199,2496970,145997,4447,Uttar Pradesh,Mirzapur,25.10207959183675,82.60126628571429,90.0,57.0
200,1862559,95582,5149,Uttar Pradesh,Sonbhadra,24.46693268858798,83.06816324951639,92.0,53.0
201,1774480,69591,2635,Uttar Pradesh,Etah,27.591155309734443,78.70021858407083,87.0,59.0
203,3935042,57546,3495,Bihar,Pashchim Champaran,27.16064352201258,84.30265911949685,91.0,45.0
204,5099371,74979,7719,Bihar,Purba Champaran,26.68129336734693,85.00382155612242,90.0,45.0
205,656246,10004,478,Bihar,Sheohar,26.458380748663107,85.29539411764709,89.0,43.0
206,3423574,66263,3460,Bihar,Sitamarhi,26.56570069686413,85.61172491289203,90.0,42.0
207,4487379,113281,5319,Bihar,Madhubani,26.41380538172716,86.16328360450552,93.0,48.0
208,2229076,51028,1845,Bihar,Supaul,26.28157893772896,86.78496465201461,93.0,46.0
209,2811569,43290,2561,Bihar,Araria,26.211528119180603,87.30766554934816,92.0,43.0
210,1690400,58718,1093,Bihar,Kishanganj,26.324336758321294,87.95045007235886,95.0,44.0
211,3264619,86058,4170,Bihar,Purnia,25.81714801901739,87.40447606973065,92.0,41.0
212,3071029,60900,2941,Bihar,Katihar,25.56565356037151,87.70466083591326,92.0,42.0
213,2001762,23236,1397,Bihar,Madhepura,25.77341929460581,86.8978443983403,91.0,42.0
214,1900661,41342,1668,Bihar,Saharsa,25.821270696721303,86.54670819672135,91.0,42.0
215,3937385,127442,6280,Bihar,Darbhanga,26.146187719298258,85.97387352472099,91.0,46.0
216,4801062,180651,10290,Bihar,Muzaffarpur,26.18664417177915,85.32745092024543,90.0,52.0
217,2562012,69375,3707,Bihar,Gopalganj,26.44874364161851,84.34636127167629,102.0,54.0
218,3330464,52935,3834,Bihar,Siwan,26.1736372013652,84.33766552901022,99.0,58.0
219,3951862,94787,4509,Bihar,Saran,25.89656077844312,84.82266287425155,95.0,55.0
220,3495021,70001,4810,Bihar,Vaishali,25.8134703180212,85.39247597173153,89.0,55.0
221,4261566,88021,5379,Bihar,Samastipur,25.793205563909765,85.94833323308269,91.0,50.0
222,2970541,120373,4644,Bihar,Begusarai,25.54302613168723,86.12560144032932,89.0,52.0
223,1666886,40641,1580,Bihar,Khagaria,25.53558891454964,86.56593256351037,89.0,46.0
224,3037766,174534,6764,Bihar,Bhagalpur,25.277192885375477,87.04213814229242,88.0,52.0
225,2034763,62359,1704,Bihar,Banka,24.832355642023337,86.8664916342413,91.0,47.0
226,1367765,90461,2653,Bihar,Munger,25.198537962962963,86.54173672839504,88.0,59.0
227,1000912,44491,1186,Bihar,Lakhisarai,25.183449321266963,86.12825701357468,90.0,51.0
228,636342,20065,631,Bihar,Sheikhpura,25.12472436548223,85.77839390862943,93.0,52.0
229,2877653,101378,4156,Bihar,Nalanda,25.229345508982053,85.48053113772461,92.0,53.0
230,5838465,546859,40692,Bihar,Patna,25.40297114503818,85.3198433587787,90.0,59.0
231,2728407,62153,3661,Bihar,Bhojpur,25.50666439393939,84.49407803030304,91.0,59.0
232,1706352,46760,1784,Bihar,Buxar,25.48593018867924,84.08808081760995,92.0,58.0
234,2959918,114893,4594,Bihar,Rohtas,24.99170460829495,83.9350762672811,92.0,61.0
235,2540073,44456,2362,Bihar,Aurangabad,24.774291867469877,84.45986024096379,93.0,58.0
235,2540073,44456,2362,Maharashtra,Aurangabad,20.0979228832952,75.32072196796334,93.0,58.0
236,4391418,112617,6856,Bihar,Gaya,24.7266541547278,84.94291217765044,94.0,52.0
237,2219146,31162,1841,Bihar,Nawada,24.825708836206903,85.61594568965519,94.0,49.0
238,1760405,32633,1839,Bihar,Jamui,24.78418380462726,86.26316298200514,92.0,49.0
239,1125313,27641,1106,Bihar,Jehanabad,25.155679045643165,84.9208124481328,92.0,55.0
245,49977,8635,96,Arunachal Pradesh,Tawang,27.680683962264148,91.82504245283016,71.0,52.0
246,83947,14188,202,Arunachal Pradesh,West Kameng,27.46486582278483,92.65015750452083,82.0,58.0
247,78690,5318,57,Arunachal Pradesh,East Kameng,27.371194055944056,93.04741486013997,103.0,49.0
248,176573,30539,2477,Arunachal Pradesh,Papum Pare,27.273529716981127,93.54468183962264,98.0,69.0
249,83448,5373,139,Arunachal Pradesh,Upper Subansiri,28.277196566523585,93.8991435622318,100.0,54.0
250,112274,14204,303,Arunachal Pradesh,West Siang,28.106296920289843,94.53510344202908,93.0,58.0
251,99214,14231,450,Arunachal Pradesh,East Siang,28.15382352941176,95.06499226006191,98.0,63.0
252,35320,6198,97,Arunachal Pradesh,Upper Siang,28.8309244897959,95.00155765306124,89.0,52.0
253,148226,14593,170,Arunachal Pradesh,Changlang,27.36048479338845,96.37552644628106,93.0,49.0
254,111975,16026,98,Arunachal Pradesh,Tirap,26.94406229508198,95.41470327868862,94.0,43.0
255,83030,12493,381,Arunachal Pradesh,Lower Subansiri,27.70849297297297,93.96226108108112,98.0,65.0
256,92076,3911,95,Arunachal Pradesh,Kurung Kumey,28.04853351800553,93.24531994459834,103.0,40.0
258,54080,5932,207,Arunachal Pradesh,Lower Dibang Valley,28.32651730103806,95.76567335640142,93.0,59.0
259,145726,17157,312,Arunachal Pradesh,Lohit,27.946785273972623,96.59670770547945,91.0,57.0
261,250260,14398,178,Nagaland,Mon,26.69207374301676,95.03072988826828,90.0,48.0
262,194622,40154,537,Nagaland,Mokokchung,26.478911764705888,94.522426006192,93.0,82.0
263,140757,28846,261,Nagaland,Zunheboto,26.028178205128206,94.50026666666668,98.0,73.0
264,166343,25268,198,Nagaland,Wokha,26.202611551155112,94.1990815181518,97.0,77.0
265,378811,71413,3303,Nagaland,Dimapur,25.814176811594223,93.75074057971014,92.0,73.0
266,163418,36182,170,Nagaland,Phek,25.63272986577182,94.56814563758392,95.0,65.0
267,196596,24998,155,Nagaland,Tuensang,26.21104453280316,94.85809880715708,93.0,60.0
270,267988,50724,1928,Nagaland,Kohima,25.60311428571428,93.78600657596373,93.0,74.0
272,479148,22798,256,Manipur,Senapati,25.08465586034914,94.03366234413956,94.0,55.0
273,140651,11541,125,Manipur,Tamenglong,24.98312942238265,93.49450740072204,94.0,60.0
274,274143,29894,837,Manipur,Churachandpur,24.30309718875504,93.38671506024085,97.0,71.0
275,237399,34364,676,Manipur,Bishnupur,24.50712111801243,93.8246236024845,100.0,66.0
276,422168,49507,880,Manipur,Thoubal,24.545392553191498,93.97959893617023,100.0,64.0
279,183998,14026,276,Manipur,Ukhrul,25.05900314960629,94.44129566929138,94.0,71.0
280,144182,18764,184,Manipur,Chandel,24.2635812987013,94.09443844155844,93.0,63.0
281,86364,12158,90,Mizoram,Mamit,23.73852942502819,92.4330803833147,93.0,70.0
282,83955,14853,367,Mizoram,Kolasib,24.2020004347826,92.73470391304348,96.0,78.0
283,400309,79804,4019,Mizoram,Aizawl,23.90781335453101,92.85359459459472,101.0,85.0
284,125745,23948,186,Mizoram,Champhai,23.54166580976866,93.24221799485862,98.0,80.0
285,64937,12315,131,Mizoram,Serchhip,23.263864705882344,92.914158496732,98.0,84.0
286,161428,26394,482,Mizoram,Lunglei,23.007717036172675,92.63512555425892,95.0,75.0
287,117894,9283,162,Mizoram,Lawngtlai,22.36102843137253,92.66964156862753,95.0,53.0
288,56574,7400,168,Mizoram,Saiha,22.35744801061008,93.02827931034489,98.0,75.0
289,1725739,314567,6394,Tripura,West Tripura,23.780166241299337,91.41310788863107,96.0,79.0
290,876001,133744,948,Tripura,South Tripura,23.211874098057383,91.6065807585568,96.0,74.0
291,378230,46875,273,Tripura,Dhalai,23.781360477941163,91.94654283088232,94.0,73.0
292,693947,81601,997,Tripura,North Tripura,24.121739755351683,92.17842538226292,97.0,75.0
293,643291,51301,1630,Meghalaya,West Garo Hills,25.495285185185185,90.03709947089942,98.0,56.0
294,317917,24550,288,Meghalaya,East Garo Hills,25.82728228228228,90.64684924924916,97.0,60.0
295,142334,10940,179,Meghalaya,South Garo Hills,25.240568578553614,90.64560349127176,95.0,58.0
296,383461,32873,149,Meghalaya,West Khasi Hills,25.500889926739926,91.25364542124538,98.0,60.0
298,825922,135941,5032,Meghalaya,East Khasi Hills,25.303763888888884,91.75922519841272,101.0,70.0
299,395124,41677,510,Meghalaya,Jaintia Hills,25.33959557069844,92.37608160136298,101.0,47.0
300,887142,41373,1218,Assam,Kokrajhar,26.497246635730868,90.13997470997688,96.0,55.0
302,1008183,78641,1364,Assam,Goalpara,26.017277777777807,90.59869891598912,96.0,56.0
303,1693622,84804,2078,Assam,Barpeta,26.427872264631056,90.97912010178116,95.0,53.0
305,2823768,195631,5121,Assam,Nagaon,26.26462170626351,92.9306191144708,96.0,61.0
306,1924110,133368,4358,Assam,Sonitpur,26.73514926829268,92.85197804878044,96.0,58.0
307,1042137,60296,1948,Assam,Lakhimpur,27.14128805970149,94.0775949253732,97.0,66.0
308,686133,28195,1192,Assam,Dhemaji,27.586533438485816,94.71336908517353,95.0,62.0
309,1327929,161718,5135,Assam,Tinsukia,27.53549291139241,95.69055949367085,95.0,60.0
310,1326335,136685,8817,Assam,Dibrugarh,27.30612284482757,95.0998282327587,96.0,67.0
312,1092256,122063,5651,Assam,Jorhat,26.76244824016563,94.30197722567289,96.0,73.0
313,1066888,82345,3073,Assam,Golaghat,26.377219709794485,93.82583397823468,96.0,68.0
314,956313,53918,1923,Assam,Karbi Anglong,26.08966454598031,93.11536570271832,95.0,58.0
316,1736617,140205,5316,Assam,Cachar,24.815570668693017,92.86849650455927,96.0,68.0
317,1228686,70951,1933,Assam,Karimganj,24.69660712250711,92.3679498575498,96.0,65.0
318,659296,44143,1211,Assam,Hailakandi,24.457496089385486,92.59154664804475,95.0,62.0
319,738804,49866,2523,Assam,Bongaigaon,26.45012521994133,90.6734296187684,97.0,59.0
321,1517542,122191,3109,Assam,Kamrup,26.170939452054807,91.58863273972592,95.0,66.0
323,771639,68313,1631,Assam,Nalbari,26.46323767605632,91.40598521126763,95.0,69.0
325,928500,45444,1166,Assam,Darrang,26.58463215962442,92.04141338028155,95.0,52.0
327,1846823,297176,10943,West Bengal,Darjiling,26.839619571045585,88.33145067024122,97.0,71.0
328,3872846,382500,9322,West Bengal,Jalpaiguri,26.62642031250004,89.04154375000003,95.0,65.0
330,3007134,199307,2883,West Bengal,Uttar Dinajpur,26.044619165196977,88.23595232216337,94.0,50.0
331,1676276,168069,2518,West Bengal,Dakshin Dinajpur,25.342094363021435,88.69821679819614,96.0,65.0
332,3988845,297716,5357,West Bengal,Maldah,25.08026802575105,88.17191684549356,94.0,52.0
333,7103807,541169,7951,West Bengal,Murshidabad,24.25950655391121,88.16816860465121,96.0,57.0
334,3502404,333752,5210,West Bengal,Birbhum,24.06389342723,87.65153089201888,96.0,62.0
335,7717563,1049943,32323,West Bengal,Barddhaman,23.444453888888884,87.8150581111111,95.0,68.0
336,5167600,623729,12787,West Bengal,Nadia,23.56410971055088,88.58293034547152,95.0,67.0
338,5519145,965258,31725,West Bengal,Hugli,22.87929264705881,88.00010264705891,96.0,74.0
339,3596674,334670,4273,West Bengal,Bankura,23.081280892857155,87.12640053571437,96.0,62.0
340,2930115,189889,3551,West Bengal,Puruliya,23.254192328767108,86.3968532876713,96.0,55.0
341,4850029,796953,30751,West Bengal,Haora,22.401674174428507,87.99421176968654,94.0,74.0
342,4496694,927602,136618,West Bengal,Kolkata,22.550581481481483,88.3527648148148,91.0,80.0
346,1322784,29373,565,Jharkhand,Garhwa,24.082114689265527,83.68664265536722,94.0,49.0
347,1042886,27037,590,Jharkhand,Chatra,24.11619945750453,84.93295804701627,95.0,49.0
349,2445474,125431,1944,Jharkhand,Giridih,24.30578509874329,86.08710915619386,94.0,51.0
350,1492073,130193,1944,Jharkhand,Deoghar,24.33070100755672,86.75697632241814,93.0,53.0
351,1313551,43230,874,Jharkhand,Godda,24.8189,87.2941735483871,94.0,46.0
352,1150567,34879,591,Jharkhand,Sahibganj,24.93667989690721,87.68264097938142,95.0,42.0
353,900422,31414,328,Jharkhand,Pakur,24.57260428082189,87.69691969178076,99.0,39.0
354,2684487,427173,11568,Jharkhand,Dhanbad,23.854509090909097,86.40372924901185,91.0,64.0
355,2062330,274726,9754,Jharkhand,Bokaro,23.6814965034965,85.98398374125864,92.0,62.0
356,461790,28769,351,Jharkhand,Lohardaga,23.488796043165483,84.6605169064748,99.0,56.0
358,1939869,68238,2155,Jharkhand,Palamu,24.196925968109337,84.20310842824594,93.0,53.0
359,726978,38194,340,Jharkhand,Latehar,23.72511185840708,84.48298743362837,97.0,48.0
362,1321442,62110,1193,Jharkhand,Dumka,24.275006125574265,87.27662450229711,98.0,51.0
363,791042,49419,808,Jharkhand,Jamtara,23.97873318077801,86.95325080091534,95.0,54.0
364,2914253,350908,22538,Jharkhand,Ranchi,23.184235061391547,85.31781937244203,95.0,66.0
366,1025213,31687,831,Jharkhand,Gumla,23.078532948929148,84.55056787479396,99.0,55.0
367,599578,16865,423,Jharkhand,Simdega,22.608760391198054,84.59193691931536,100.0,57.0
371,579505,81433,2498,Orissa,Jharsuguda,21.827058566978184,83.93581682242987,95.0,70.0
372,1041099,126498,5231,Orissa,Sambalpur,21.515752380952385,84.34958483245157,98.0,68.0
374,2093437,223537,12787,Orissa,Sundargarh,22.06354819277107,84.50524819277099,97.0,64.0
376,2519738,140189,2950,Orissa,Mayurbhanj,21.897621545157754,86.4030408052231,101.0,54.0
377,2320529,296834,7370,Orissa,Baleshwar,21.48570932311624,87.08085828011933,96.0,70.0
378,1506337,164636,2637,Orissa,Bhadrak,20.95262735257214,86.81496204516931,98.0,73.0
379,1440361,173107,1628,Orissa,Kendrapara,20.606319815982264,86.83763247572003,101.0,76.0
381,2624470,349587,15046,Orissa,Cuttack,20.407640646029623,85.7776810228802,94.0,77.0
383,1192811,117172,1810,Orissa,Dhenkanal,20.79887159353349,85.53226836027711,95.0,70.0
385,962789,124984,1163,Orissa,Nayagarh,20.192895622119817,85.05614700460825,92.0,71.0
386,2251673,349860,35701,Orissa,Khordha,20.054162322274863,85.52234834123229,93.0,78.0
387,1698730,201605,3416,Orissa,Puri,19.83509174603177,85.86698989898981,96.0,76.0
388,3529031,405298,9049,Orissa,Ganjam,19.2632617564534,84.80297710437702,98.0,63.0
389,577817,63112,635,Orissa,Gajapati,19.121080882352945,84.14015091911759,104.0,45.0
390,733110,28736,768,Orissa,Kandhamal,20.092878624813142,84.02216352765326,104.0,55.0
394,610382,43976,757,Orissa,Nuapada,20.471309512195116,82.59152536585364,102.0,49.0
395,1576869,91171,1953,Orissa,Kalahandi,19.784253092783523,83.1124043814433,100.0,51.0
396,967911,61543,1553,Orissa,Rayagada,19.292840020060204,83.45860120361095,105.0,42.0
398,1379647,85766,3988,Orissa,Koraput,18.82627794779476,82.81278469846964,103.0,41.0
399,613192,24604,448,Orissa,Malkangiri,18.25227930367506,81.98293636363628,102.0,40.0
400,658917,80023,1667,Chhattisgarh,Koriya,23.50412776859501,82.12515636363635,97.0,60.0
401,2359886,253131,2737,Chhattisgarh,Surguja,23.32719278728607,83.23582493887531,98.0,50.0
402,851669,76783,567,Chhattisgarh,Jashpur,22.77286167664669,83.8703962075848,101.0,58.0
403,1493984,297308,3342,Chhattisgarh,Raigarh,22.008265068493166,83.27797698630134,99.0,64.0
403,1493984,297308,3342,Maharashtra,Raigarh,18.453257637845976,73.0090609418579,99.0,64.0
404,1206640,202380,4544,Chhattisgarh,Korba,22.491712499999995,82.57604326923074,97.0,62.0
406,2663629,519704,8566,Chhattisgarh,Bilaspur,22.356942982456143,81.99770350877188,97.0,60.0
406,2663629,519704,8566,Himachal Pradesh,Bilaspur,31.3780422907489,76.65316079295157,97.0,60.0
409,3343872,614109,16141,Chhattisgarh,Durg,21.194463849287164,81.33181639511197,99.0,69.0
410,4063872,728556,20261,Chhattisgarh,Raipur,20.88603153846152,82.20032759615388,98.0,65.0
411,1032754,212487,961,Chhattisgarh,Mahasamund,21.223727037773354,82.65925427435384,102.0,62.0
412,799781,148926,1016,Chhattisgarh,Dhamtari,20.554912627291245,81.7569195519348,101.0,68.0
414,1413199,157646,1782,Chhattisgarh,Bastar,19.393866751269048,81.52895126903546,102.0,46.0
417,255230,12516,117,Karnataka,Bijapur,16.84015316666667,75.95909166666665,98.0,34.0
418,687861,74770,273,Madhya Pradesh,Sheopur,25.78014810996563,77.16911116838484,90.0,48.0
419,1965970,131486,1781,Madhya Pradesh,Morena,26.37313504531724,77.88447341389724,84.0,60.0
420,1703005,107819,1166,Madhya Pradesh,Bhind,26.35951126187245,78.7618324287653,84.0,64.0
421,2032036,306859,15779,Madhya Pradesh,Gwalior,26.04074441964285,78.12782433035713,86.0,67.0
422,786754,97696,616,Madhya Pradesh,Datia,25.90226439560441,78.63916571428574,87.0,62.0
423,1726050,148128,1852,Madhya Pradesh,Shivpuri,25.37802451874367,77.74861600810549,88.0,52.0
424,1445166,132725,1090,Madhya Pradesh,Tikamgarh,25.14099852104666,78.89357064846428,90.0,52.0
425,1762375,176056,1880,Madhya Pradesh,Chhatarpur,24.813637376460004,79.56449299191374,88.0,54.0
426,1016520,76097,653,Madhya Pradesh,Panna,24.451325840092657,80.21133001158752,91.0,54.0
427,2378458,366494,4546,Madhya Pradesh,Sagar,23.800318709677374,78.71940357771273,89.0,65.0
428,1264219,187731,1432,Madhya Pradesh,Damoh,23.76624407960196,79.47049303482588,91.0,59.0
429,2228935,294702,3754,Madhya Pradesh,Satna,24.62777621776502,80.75547048710598,93.0,62.0
430,2365106,251132,3406,Madhya Pradesh,Rewa,24.861184625158856,81.57572465057183,93.0,61.0
431,644758,67975,839,Madhya Pradesh,Umaria,23.59601063063061,80.90879477477475,95.0,55.0
432,826067,145258,1945,Madhya Pradesh,Neemuch,24.70311893333336,75.06608186666664,95.0,62.0
433,1340411,239885,2324,Madhya Pradesh,Mandsaur,24.19278764044944,75.43588667736759,96.0,62.0
434,1455069,213825,3644,Madhya Pradesh,Ratlam,23.503562290502792,75.14895782122909,97.0,57.0
435,1986864,323379,7501,Madhya Pradesh,Ujjain,23.319288862745065,75.80383717647058,96.0,62.0
436,1512681,232735,1382,Madhya Pradesh,Shajapur,23.566620317220547,76.33555181268885,94.0,59.0
437,1563715,270457,3518,Madhya Pradesh,Dewas,22.7851110021322,76.46088805970157,94.0,59.0
438,2185793,349639,2388,Madhya Pradesh,Dhar,22.572681718963157,75.1105620736698,96.0,49.0
439,3276697,593576,48691,Madhya Pradesh,Indore,22.680265752128648,75.9133801324502,93.0,70.0
441,1385881,181139,1158,Madhya Pradesh,Barwani,21.702135714285724,74.91004719710673,98.0,40.0
442,1545814,231130,1611,Madhya Pradesh,Rajgarh,23.785499026425583,76.66431223922116,96.0,52.0
443,1458875,181510,1926,Madhya Pradesh,Vidisha,23.82838307984792,77.9013507604563,90.0,59.0
444,2371061,452912,40788,Madhya Pradesh,Bhopal,23.480726143790854,77.39246623093679,92.0,70.0
445,1311332,212138,1566,Madhya Pradesh,Sehore,22.9297199679658,77.06780202883085,92.0,60.0
446,1331597,194373,1141,Madhya Pradesh,Raisen,23.292518206521724,78.16305495923909,90.0,62.0
447,1575362,230974,2109,Madhya Pradesh,Betul,21.964626315789477,77.7873428189117,97.0,60.0
448,570465,95066,986,Madhya Pradesh,Harda,22.227659781121783,77.07022571819435,93.0,62.0
449,1241350,198076,2871,Madhya Pradesh,Hoshangabad,22.595268801996703,78.02168094841929,91.0,65.0
450,1292042,172416,2179,Madhya Pradesh,Katni,23.724416229116937,80.33819665871127,95.0,61.0
451,2463289,452023,20443,Madhya Pradesh,Jabalpur,23.18525572327043,79.98328754716981,93.0,71.0
453,704524,62372,554,Madhya Pradesh,Dindori,22.83738437047757,81.04332966714911,100.0,54.0
454,1054905,143803,912,Madhya Pradesh,Mandla,22.70348712446353,80.38600543633753,101.0,57.0
455,2090922,344875,3588,Madhya Pradesh,Chhindwara,22.227966971713823,78.76413136439254,96.0,62.0
456,1379131,228695,1182,Madhya Pradesh,Seoni,22.33230487804874,79.66053863928111,98.0,63.0
457,1701698,277927,1712,Madhya Pradesh,Balaghat,21.80020720640569,80.42170053380796,102.0,67.0
458,1241519,144248,2482,Madhya Pradesh,Guna,24.49043927178156,77.2235895968791,91.0,53.0
459,845071,84720,619,Madhya Pradesh,Ashoknagar,24.63098846153845,77.82974493927134,90.0,56.0
460,1066063,113184,1733,Madhya Pradesh,Shahdol,23.44859864559819,81.4596831828442,97.0,57.0
461,749237,81338,1290,Madhya Pradesh,Anuppur,23.18184220430107,81.86560000000007,98.0,58.0
462,1127033,102228,837,Madhya Pradesh,Sidhi,24.17547189952905,82.1053783359498,96.0,53.0
464,1025048,125411,744,Madhya Pradesh,Jhabua,22.419578015397768,74.40921616766468,99.0,34.0
467,757847,112420,986,Madhya Pradesh,Burhanpur,21.364567254408065,76.24460478589425,95.0,54.0
468,2092371,403294,9631,Gujarat,Kachchh,23.48057203301311,68.82192301497916,91.0,60.0
469,3120506,396873,3424,Gujarat,Banas Kantha,24.258538965517253,71.93205252873561,94.0,55.0
470,1343734,223424,2231,Gujarat,Patan,23.80634198473284,71.75162977099237,94.0,62.0
471,2035064,385609,7759,Gujarat,Mahesana,23.529355452865065,72.45545194085031,93.0,74.0
472,2428589,438606,5262,Gujarat,Sabar Kantha,23.71803594548552,73.13638790459964,95.0,65.0
473,1391753,262539,12107,Gujarat,Gandhinagar,23.193679790026252,72.67221679790026,92.0,74.0
474,7214225,1456046,126341,Gujarat,Ahmadabad,22.605425564971743,72.23898135593227,90.0,75.0
475,1756268,302068,2975,Gujarat,Surendranagar,22.82672007299272,71.48358740875906,93.0,62.0
476,3804558,747352,21785,Gujarat,Rajkot,22.40603377715488,70.83679439383323,93.0,72.0
477,2160119,386538,11573,Gujarat,Jamnagar,22.410600414263328,69.62062005768233,94.0,65.0
478,585449,117040,1653,Gujarat,Porbandar,21.55092351651571,69.71896987722886,95.0,67.0
479,2743082,498326,6628,Daman and Diu,Junagadh,20.72568199498111,70.83985639899612,95.0,67.0
479,2743082,498326,6628,Gujarat,Junagadh,20.929523011609785,70.54733890140345,95.0,67.0
480,1514190,273331,2538,Gujarat,Amreli,21.04832649310872,71.43457637825426,96.0,66.0
481,2880365,500757,7297,Gujarat,Bhavnagar,21.70219390341736,72.16272632761141,93.0,66.0
482,2092745,378310,9902,Gujarat,Anand,22.282718206229863,72.57782051557454,92.0,74.0
483,2299885,372226,5710,Gujarat,Kheda,22.88765312500002,73.018803515625,94.0,72.0
484,2390776,398937,3456,Gujarat,Panch Mahals,22.80435606837605,73.61984598290586,95.0,60.0
486,4165626,798277,53606,Gujarat,Vadodara,22.26133739279589,73.49433010291594,93.0,69.0
487,590297,101940,576,Gujarat,Narmada,21.70666386292833,73.68403208722742,96.0,63.0
488,1551019,309091,10257,Gujarat,Bharuch,21.75787276237761,72.67326346710801,93.0,72.0
489,228291,29794,137,Gujarat,The Dangs,20.801633877551023,73.6883518367347,101.0,62.0
490,1329672,267679,6726,Gujarat,Navsari,20.866973318871995,72.86184869848157,96.0,75.0
491,1705678,329218,11020,Gujarat,Valsad,20.44238231644259,72.9148584798345,92.0,69.0
492,6081322,1252452,55694,Gujarat,Surat,21.25761372772093,72.93488716344339,79.0,75.0
495,191173,49249,1316,Daman and Diu,Daman,20.431616666666677,72.8392366071429,53.0,79.0
497,1648295,186202,2579,Maharashtra,Nandurbar,21.523175625248147,74.32638757443429,98.0,55.0
498,2050862,315332,6065,Maharashtra,Dhule,21.274018690400517,74.58719071837263,95.0,63.0
499,4229917,720791,14297,Maharashtra,Jalgaon,20.8828943415638,75.55140421810695,92.0,68.0
500,2586258,423036,4767,Maharashtra,Buldana,20.56680611183355,76.39017880364096,93.0,73.0
501,1813906,314490,6163,Maharashtra,Akola,20.746310479041902,77.12122320359276,95.0,78.0
502,1197160,196022,1875,Maharashtra,Washim,20.282282394366213,77.25502394366208,93.0,73.0
503,2888445,512492,9438,Maharashtra,Amravati,21.16520991810736,77.67583503184723,95.0,78.0
504,1300774,266155,4313,Maharashtra,Wardha,20.80743024390242,78.57259105691062,95.0,78.0
505,4653570,917626,57964,Maharashtra,Nagpur,21.196556862745105,79.02166176470584,95.0,79.0
506,1200334,227025,2932,Maharashtra,Bhandara,21.211792649727748,80.10950199637024,98.0,75.0
507,1322507,239981,2866,Maharashtra,Gondiya,21.225008411214997,80.17522698598128,100.0,76.0
509,2204307,418666,8239,Maharashtra,Chandrapur,20.095609090909075,79.31556380471388,96.0,72.0
510,2772348,446516,6094,Maharashtra,Yavatmal,20.04258346738159,78.05326371760479,95.0,73.0
511,3361292,488748,7548,Maharashtra,Nanded,19.209316983017,77.6829048951049,94.0,65.0
512,1177345,159114,1221,Maharashtra,Hingoli,19.59525302245251,77.09239412780653,94.0,67.0
513,1836086,272486,3982,Maharashtra,Parbhani,19.31032425249168,76.70163338870431,95.0,63.0
514,1959046,288895,3791,Maharashtra,Jalna,19.984612534818933,75.98473607242339,94.0,61.0
515,3701282,589477,23258,Bihar,Aurangabad,24.774291867469877,84.45986024096379,92.0,68.0
515,3701282,589477,23258,Maharashtra,Aurangabad,20.0979228832952,75.32072196796334,92.0,68.0
516,6107187,904710,45039,Maharashtra,Nashik,20.266912871287143,74.03824168316828,93.0,71.0
517,11060148,2231800,256170,Maharashtra,Thane,19.698767747440264,72.79882742564581,89.0,74.0
520,2634200,547206,38570,Chhattisgarh,Raigarh,22.008265068493166,83.27797698630134,96.0,74.0
520,2634200,547206,38570,Maharashtra,Raigarh,18.453257637845976,73.0090609418579,96.0,74.0
521,9429408,1925019,235018,Maharashtra,Pune,18.51696171428573,74.12922881632647,91.0,76.0
523,2585049,402052,5614,Maharashtra,Bid,18.952353340080982,75.69319706477731,92.0,66.0
524,2454196,381722,6217,Maharashtra,Latur,18.348687268993856,76.75812607802874,93.0,67.0
525,1657576,240042,3209,Maharashtra,Osmanabad,18.19459456066944,75.99495575313809,92.0,69.0
526,4317756,595560,15145,Maharashtra,Solapur,17.837357937584812,75.42394823609216,94.0,67.0
527,3003741,562653,14093,Maharashtra,Satara,17.6737908974359,74.18052064102558,99.0,74.0
528,1615069,367352,7752,Maharashtra,Ratnagiri,17.210195070127703,73.25725893866404,112.0,74.0
529,849651,194228,3517,Maharashtra,Sindhudurg,16.170948049777163,73.51329008172343,104.0,78.0
530,3876001,770005,22269,Maharashtra,Kolhapur,16.44881301587301,74.12897150793648,96.0,73.0
531,2822143,485126,13212,Maharashtra,Sangli,17.154930181086502,74.70713822937628,97.0,73.0
532,2741239,566108,5512,Andhra Pradesh,Adilabad,19.284513950073435,78.81321233480176,100.0,54.0
533,2551335,545913,5261,Andhra Pradesh,Nizamabad,18.429485849056604,78.07523490566035,104.0,54.0
534,3776269,926768,8831,Andhra Pradesh,Karimnagar,18.515483193277312,79.43765428571413,101.0,58.0
535,3033288,604719,8635,Andhra Pradesh,Medak,17.889304978038055,78.13778901903379,99.0,54.0
536,3943323,869721,149034,Andhra Pradesh,Hyderabad,17.38971555555556,78.46668888888888,95.0,73.0
538,4053028,757821,6153,Andhra Pradesh,Mahbubnagar,16.639546224256293,77.98933089244859,98.0,48.0
539,3488809,789225,7715,Andhra Pradesh,Nalgonda,17.113250515463907,79.16984453608244,98.0,57.0
540,3512576,828077,12952,Andhra Pradesh,Warangal,18.01752608695651,79.87422028985509,100.0,59.0
541,2797370,668519,8628,Andhra Pradesh,Khammam,17.683921325051784,80.67008643892335,101.0,58.0
542,2703114,615432,3988,Andhra Pradesh,Srikakulam,18.570900998697432,84.25874814010675,101.0,55.0
543,2344474,527736,4453,Andhra Pradesh,Vizianagaram,18.28329696032972,83.45982854198873,102.0,53.0
545,5154296,1297273,22411,Andhra Pradesh,East Godavari,16.782718320784902,82.2432074720511,101.0,64.0
546,3936966,1017568,12050,Andhra Pradesh,West Godavari,16.63297943925236,81.45912990654196,100.0,67.0
547,4517398,1163932,30438,Andhra Pradesh,Krishna,16.143872753151673,81.14805061000413,99.0,67.0
548,4887813,1186028,19383,Andhra Pradesh,Guntur,15.884925767634847,80.58657614107885,100.0,61.0
549,3397448,763746,6151,Andhra Pradesh,Prakasam,15.489039001601704,80.11665790176184,98.0,56.0
552,4053463,816721,10081,Andhra Pradesh,Kurnool,15.43759715142429,77.90086836581717,99.0,52.0
553,4081148,897970,8606,Andhra Pradesh,Anantapur,14.312065561843148,77.4601584478577,98.0,57.0
554,4174064,944555,13763,Andhra Pradesh,Chittoor,13.33109263067696,78.92763898886037,100.0,64.0
555,4779661,808827,17560,Karnataka,Belgaum,16.16107219152853,74.72329042357275,97.0,64.0
556,1889752,301389,3745,Karnataka,Bagalkot,16.15860676328503,75.64526070853468,99.0,59.0
557,2177331,326594,4987,Karnataka,Bijapur,16.84015316666667,75.95909166666665,96.0,57.0
558,1703300,271439,3971,Karnataka,Bidar,17.950361730769224,77.19459961538459,96.0,61.0
559,1928812,314547,5200,Karnataka,Raichur,16.050795353982295,76.87368606194688,100.0,51.0
560,1389920,223166,2135,Karnataka,Koppal,15.651253271028034,76.1617048598131,99.0,58.0
561,1064570,198064,3373,Karnataka,Gadag,15.507128256880746,75.64861302752298,98.0,66.0
562,1847023,347962,15013,Karnataka,Dharwad,15.343831376975173,75.13831264108359,97.0,70.0
564,1597668,295937,2456,Karnataka,Haveri,14.737582809224318,75.3961230607966,95.0,68.0
565,2452595,440374,9626,Karnataka,Bellary,15.074377548209377,76.47228471074374,98.0,58.0
566,1659456,307257,5711,Karnataka,Chitradurga,14.29102220394736,76.57821957236843,97.0,66.0
567,1945497,372671,7320,Karnataka,Davanagere,14.330414586709884,75.91723841166937,97.0,67.0
568,1752753,363835,8791,Karnataka,Shimoga,14.063845885634592,75.17882078103197,100.0,72.0
569,1177361,224814,9070,Karnataka,Udupi,13.450404228534568,74.72009990316337,109.0,79.0
570,1137961,238505,4510,Karnataka,Chikmagalur,13.425288289676422,75.67626502311249,101.0,72.0
571,2678980,562769,7971,Karnataka,Tumkur,13.592467760074973,77.02297966260545,98.0,68.0
573,1805769,391033,3367,Karnataka,Mandya,12.574901806239744,76.81570098522172,100.0,64.0
574,1776421,400702,4851,Karnataka,Hassan,12.945098749999998,76.11049549999997,101.0,69.0
576,554519,113931,3308,Karnataka,Kodagu,12.39684468085106,75.79336595744688,102.0,74.0
577,3001127,640868,28397,Karnataka,Mysore,12.248100259403367,76.52881802853437,99.0,65.0
579,2566326,404767,9752,Karnataka,Gulbarga,17.070459515951594,76.87503850385033,97.0,56.0
581,1536401,309494,5051,Karnataka,Kolar,13.312799881235172,78.01376947743476,98.0,66.0
583,990923,214253,3729,Karnataka,Bangalore Rural,12.936827087794448,77.47369314775169,95.0,70.0
585,818008,173951,23440,Goa,North Goa,15.548723418714054,73.80667997909038,96.0,81.0
586,640537,138810,17624,Goa,South Goa,15.195278658183785,73.941792596877,99.0,78.0
588,1307375,237670,10378,Kerala,Kasaragod,12.33310309912974,75.07768497134369,108.0,79.0
589,2523003,511167,32653,Kerala,Kannur,11.941523076923056,75.35209891725934,114.0,85.0
590,817420,149864,4712,Kerala,Wayanad,11.715277464788736,76.07587007042254,103.0,79.0
591,3086293,641660,36791,Kerala,Kozhikode,11.392924270557026,75.71158720159153,110.0,85.0
592,4112920,730119,27909,Kerala,Malappuram,10.97329875666072,75.93910775606876,110.0,81.0
593,2809934,587583,27162,Kerala,Palakkad,10.784926903553291,76.49980490693744,107.0,80.0
594,3121200,721625,56148,Kerala,Thrissur,10.458932647907687,76.12321940836945,111.0,86.0
595,3282388,771287,88737,Kerala,Ernakulam,10.004879301987431,76.26957729035381,103.0,87.0
596,1108974,244844,8250,Kerala,Idukki,9.80480963855423,77.04586641566264,101.0,83.0
597,1974551,464039,37849,Kerala,Kottayam,9.643701174068417,76.46059673302705,104.0,89.0
598,2127789,507913,28842,Kerala,Alappuzha,9.542602965599087,76.38010796263319,110.0,87.0
600,2635375,630767,31542,Kerala,Kollam,8.929388820570157,76.6360775852431,111.0,85.0
601,3301427,783872,71621,Kerala,Thiruvananthapuram,8.537101759082221,76.88711502868073,109.0,84.0
602,3728104,909400,75634,Tamil Nadu,Thiruvallur,13.275858101752885,80.19724702864492,99.0,75.0
603,4646732,1096334,217368,Tamil Nadu,Chennai,13.058098905608748,80.28139151846806,99.0,81.0
604,3998252,961161,100322,Tamil Nadu,Kancheepuram,12.496424756511884,80.08820360135913,99.0,75.0
605,3936331,865913,20623,Tamil Nadu,Vellore,12.784882632293078,79.02643283582084,101.0,70.0
606,2464875,549077,6445,Tamil Nadu,Tiruvannamalai,12.419318947368414,79.23265631578953,99.0,66.0
608,3482056,835377,20660,Tamil Nadu,Salem,11.629324202127655,78.2478257978723,95.0,66.0
609,1726601,441044,8960,Tamil Nadu,Namakkal,11.33766638477801,78.14624841437633,99.0,68.0
610,2251744,595211,18604,Tamil Nadu,Erode,11.267012155963302,77.42034334862392,99.0,66.0
612,2159775,500057,9155,Tamil Nadu,Dindigul,10.377801390820574,77.78011279554937,100.0,69.0
613,1064493,264949,4915,Tamil Nadu,Karur,10.79532776617955,78.08749686847604,102.0,68.0
615,565223,135751,1507,Tamil Nadu,Perambalur,11.260137758112096,78.86034011799416,100.0,66.0
616,754894,177502,1749,Tamil Nadu,Ariyalur,11.190514836795256,79.22249643916912,101.0,64.0
617,2605914,598412,15396,Tamil Nadu,Cuddalore,11.57587300613498,79.63002365371497,99.0,70.0
618,1616450,381940,5585,Tamil Nadu,Nagapattinam,10.789468161718286,79.79437299431483,103.0,75.0
619,1264277,303114,4416,Tamil Nadu,Thiruvarur,10.368927409395978,79.60322893959727,102.0,75.0
620,2405890,555582,13495,Tamil Nadu,Thanjavur,10.387692255892237,79.3194869107745,103.0,74.0
621,1618345,354493,4494,Tamil Nadu,Pudukkottai,10.130514816433578,79.05444484265728,101.0,69.0
622,1339101,314270,5773,Tamil Nadu,Sivaganga,9.960306580645158,78.56535729032255,100.0,72.0
623,3038252,754141,34097,Tamil Nadu,Madurai,9.904313833333331,78.01366033333332,99.0,75.0
624,1245899,312310,4667,Tamil Nadu,Theni,9.924066666666668,77.43458833333332,99.0,70.0
625,1942288,505950,10219,Tamil Nadu,Virudhunagar,9.468872195892564,77.87641469194315,101.0,72.0
626,1353445,291400,5172,Tamil Nadu,Ramanathapuram,9.31286995153476,78.99185362412462,98.0,72.0
629,1870374,465692,15673,Tamil Nadu,Kanniyakumari,8.183466300191206,77.32053064053538,102.0,83.0
630,1506843,337972,3651,Tamil Nadu,Dharmapuri,12.300141200000006,78.11509813333339,95.0,61.0
632,3458045,896325,63273,Tamil Nadu,Coimbatore,10.871376995940452,77.07619012178621,100.0,76.0
634,55626,12859,207,Puducherry,Yanam,16.707695652173904,82.26187304347832,104.0,71.0
636,41816,7150,574,Puducherry,Mahe,12.006420793787758,75.28275021570326,118.0,87.0
637,200222,47880,1868,Puducherry,Karaikal,10.876161726078813,79.82369793621002,105.0,77.0
